relative_time,AccX,AccY,AccZ
0,6.358926544189454,6.203699340820313,4.826563110351563
56,5.6944583129882815,6.453230438232422,3.4540672302246094
123,6.2789927673339845,6.322552185058594,3.7285963439941407
190,5.366640014648437,7.2512210083007815,3.390150146484375
258,6.342311096191406,6.0834992980957034,5.87303695678711
323,5.290747833251953,6.003415832519532,5.65464111328125
390,5.801635437011719,6.3301863098144535,5.457501068115235
459,5.343587951660156,6.436764678955078,5.818101196289063
523,5.188360748291016,5.966742095947266,4.395010528564454
590,5.371280364990235,6.137985992431641,5.181175689697266
659,4.847519531250001,6.746021575927735,6.40952133178711
723,4.306544494628906,6.145769805908204,6.084547119140625
790,4.475842437744141,6.849905548095704,4.754712524414063
859,5.950725402832031,6.990313568115234,6.047124938964844
923,2.1459375,6.841373291015626,5.975424041748047
990,5.587730255126953,5.742807769775391,6.378685455322266
1059,4.508923645019531,6.885381774902344,8.173153839111329
1123,2.7729835510253906,7.047494659423829,3.750450897216797
1190,6.6595014953613285,6.7599426269531255,5.900130615234375
1259,3.916755065917969,6.64902328491211,5.661077728271485
1323,3.1555879211425784,6.670728149414063,6.568490753173829
1390,4.267475738525391,5.582491149902344,4.333488464355469
1459,3.3928445434570316,6.7473687744140625,5.879473571777344
1523,4.276606750488281,6.44305160522461,6.18678451538086
1590,4.733905792236328,7.013066253662109,6.407874755859376
1659,3.0984068298339844,7.036567382812501,6.949897613525391
1722,5.542224884033203,5.6398219299316406,5.600304107666016
1790,3.3810191345214844,6.599476318359375,7.104825439453125
1859,5.263354797363282,6.614295501708985,3.8408628845214845
1923,4.168232116699219,7.025640106201172,4.480632476806641
1990,4.7151947021484375,6.171516265869141,6.691983947753907
2059,3.6881803894042973,5.643713836669922,5.49462387084961
2123,5.424419860839844,5.178630981445313,6.914271697998047
2190,4.169429626464844,6.767726440429688,6.592740325927735
2260,2.525697784423828,6.662644958496094,4.395160217285157
2323,2.464325408935547,7.56586669921875,7.063810729980469
2390,3.0144314575195312,6.685996398925782,9.906399536132813
2459,3.5750157165527345,5.90417221069336,7.169341278076172
2523,2.655926971435547,7.330705718994141,9.90864486694336
2590,2.920726318359375,6.930438079833984,2.2423370361328128
2659,3.028352508544922,7.233707427978516,6.5168481445312505
2723,6.220913543701172,5.668262786865235,3.952979736328125
2790,5.1449510192871095,6.343358917236328,7.794141998291016
2859,6.042185211181641,5.616470489501953,6.1769050598144535
2923,4.2715173339843755,7.386988677978516,3.1033465576171877
2990,3.0659243774414064,7.2405931091308595,0.8196954345703126
3059,5.986501007080078,8.039930877685547,4.525539093017579
3123,6.3881158447265625,7.287295989990235,2.0423529052734377
3190,5.923931121826172,8.312064971923828,5.864953765869141
3259,7.993227996826172,7.7454931640625,-0.6884184265136719
3323,6.373446350097656,6.538553009033204,5.298831024169922
3390,5.274581451416016,6.930438079833984,7.279212799072266
3460,9.109307098388673,6.161636810302735,1.5443385314941407
3523,5.973478088378907,6.590045928955078,10.796598358154297
3590,3.036884765625,5.540278930664063,7.93514877319336
3659,4.990472259521485,6.600524139404297,4.151916046142579
3723,1.9046392822265625,6.4955923461914065,7.1896989440917976
3789,3.8847216796875004,6.364315338134766,6.8674191284179695
3859,4.932542724609375,5.232219543457031,7.062014465332032
3923,4.020339660644532,5.369334411621094,7.498656463623047
3990,3.8083804321289065,5.4690270996093755,5.530998229980469
4059,4.175866241455078,5.55928939819336,4.487667846679687
4123,4.43602523803711,5.749244384765626,3.542982330322266
4190,4.126169586181641,5.800437927246094,3.193758544921875
4259,0.4520599365234375,10.909613342285157,1.4268328857421875
4323,-0.8168513488769532,5.802832946777344,0.01047821044921875
4390,-0.45999343872070314,6.283483428955078,-0.5502557373046876
4459,0.7741900634765625,9.896969146728516,1.2156221008300783
4523,0.44981460571289067,11.294762420654298,2.438878326416016
4590,-0.7417076110839844,12.618908843994141,-0.027991790771484375
4661,-0.7634124755859375,17.97072967529297,-0.7020401000976563
4723,0.12139755249023439,16.235687713623047,2.2436842346191406
4790,0.03697311401367188,15.811170501708984,0.21136047363281252
4859,-0.889749755859375,16.82501220703125,-0.9009764099121094
4964,0.5313949584960938,13.734538879394531,2.173180847167969
4990,0.6351292419433594,15.092365264892578,1.758992156982422
5056,-0.31374755859375003,11.703712005615236,-1.7000148010253908
5123,-0.9283694458007813,12.983999633789063,-0.3104544067382813
5190,-0.43379791259765627,10.886112213134766,1.9275416564941408
5259,0.6411167907714844,9.624236297607423,0.585582275390625
5323,0.6004014587402344,7.778274993896485,-1.0373428344726563
5390,-0.24668701171875002,6.2068428039550785,-0.7033872985839844
5459,-0.580642547607422,6.3179118347167975,0.15612533569335937
5523,-0.05882766723632813,6.935677185058594,1.0707234191894532
5590,0.7930508422851563,6.778803405761719,0.9246272277832032
5658,0.8399034118652344,8.42522964477539,-0.2185455322265625
5723,-0.5647755432128907,11.531719665527344,-0.683778076171875
5790,-1.2876223754882814,12.88804916381836,0.9545649719238282
5859,0.6391708374023438,14.990726623535156,1.3045372009277345
5923,0.19699035644531251,10.736124114990234,-0.1215472412109375
5990,-1.2769944763183594,14.40933563232422,-0.21210891723632813
6059,-0.65384033203125,15.007940826416016,1.9716998291015626
6123,0.281414794921875,15.398179321289064,1.1311976623535156
6190,-0.7497908020019531,14.579531707763673,-1.1192225646972658
6259,-1.3046868896484376,14.311888275146485,0.5200186157226563
6323,-0.25536895751953126,12.202624511718751,1.605561218261719
6390,0.39772293090820315,10.420280914306641,0.22423370361328127
6459,-0.14040802001953126,10.323132934570314,-0.5861810302734375
6523,-0.8887019348144531,8.788673858642579,-0.02784210205078125
6590,-0.5013075256347657,6.970854034423828,0.5158273315429688
6659,0.2700384521484375,6.432573394775391,0.8743318176269532
6723,0.18112335205078126,4.112398223876953,0.5291496276855469
6790,0.13726455688476563,8.90318572998047,-0.08577163696289063
6859,-0.6207591247558594,9.552984466552735,-0.5117857360839844
6923,-0.9193881225585938,10.2363134765625,0.7846682739257813
6990,-0.6556365966796875,11.787388000488281,1.20469482421875
7060,0.1573228454589844,11.867920532226563,0.3725752258300781
7123,-0.3890409851074219,13.229189758300782,-0.22947280883789065
7190,-1.5726296997070313,14.724879455566407,0.2571652221679688
7259,-0.4423301696777344,13.483810272216797,1.132694549560547
7323,-0.018411712646484377,14.104419708251953,0.4327500915527344
7390,-0.828527069091797,14.100078735351563,-0.4544549560546875
7459,-0.7658074951171875,13.4552197265625,0.2597099304199219
7523,-0.2788700866699219,12.477153625488281,0.4495152282714844
7590,-0.19609222412109376,11.545790405273438,-0.19639160156250002
7659,-0.7937992858886719,10.295290832519532,0.00508941650390625
7722,-1.0600955200195312,8.955726470947265,0.5641767883300781
7790,-0.6722520446777344,7.718998260498047,0.7893086242675782
7859,-0.40894958496093753,7.2633457946777344,0.6752458190917969
7923,-0.5551954650878906,7.412735137939453,0.22977218627929688
7990,-0.8855584716796876,7.690707092285157,-0.25806335449218754
8056,-1.1171269226074219,8.12764846801758,-0.08726852416992188
8123,-1.051263885498047,9.170829162597657,0.43664199829101563
8190,-0.3649411010742188,10.242301025390626,0.25761428833007816
8259,-0.12244537353515626,11.109148406982422,-0.26659561157226563
8323,-0.9262738037109376,12.729229431152344,-0.3338058471679688
8390,-1.1072474670410157,13.203293609619141,0.319735107421875
8459,-0.2805166625976563,13.598771209716798,0.8572673034667969
8523,-0.32048355102539067,14.002930755615235,0.22168899536132813
8590,-0.904119873046875,14.022539978027345,-0.20971389770507814
8659,-1.0407856750488282,13.915811920166016,0.7667056274414062
8723,-0.6990463256835938,13.103750610351563,0.8767268371582032
8789,-0.5417234802246094,12.061917114257813,0.01107696533203125
8859,-0.899180145263672,11.219918060302735,0.013172607421875001
8923,-1.1475137329101563,10.237061920166017,0.3703298950195313
8990,-0.9204359436035157,8.92758499145508,5.959706726074219
9059,-1.994901580810547,7.93514877319336,2.8973748779296877
9123,1.41545654296875,7.849377136230469,5.117857360839844
9190,1.0238708496093751,7.974965972900391,-7.686815185546876
9259,-0.2700384521484375,8.522976379394532,2.4189697265625
9323,-2.036814422607422,8.488547973632812,5.104684753417969
9390,-1.0868898010253907,10.6865771484375,2.1260289001464843
9459,2.5574317932128907,9.789043579101563,-3.6577935791015626
9523,-1.9119740295410157,18.53116424560547,7.533084869384766
9590,-2.7999275207519534,17.044006805419922,3.304079132080078
9659,0.9656419372558595,13.970747680664063,-5.705834655761719
9723,-0.8764274597167969,18.753601684570313,1.6443305969238282
9790,0.0975970458984375,13.353281707763673,3.969146118164063
9859,-0.046702880859375004,11.76478500366211,-2.071542205810547
9959,-1.076411590576172,12.142150268554689,0.25656646728515625
9990,0.5221142578125,11.58800262451172,2.1154010009765627
10056,1.5715818786621094,8.56653579711914,1.4492861938476562
10123,-0.5523513793945313,8.371641082763672,-0.757873992919922
10190,-1.5926879882812501,9.78455291748047,-0.9154962158203126
10258,0.3266207885742188,6.321803741455079,0.7382647705078126
10323,1.2750485229492188,3.5736685180664063,0.6942562866210937
10390,0.9683363342285157,4.036356353759766,0.04954696655273438
10459,-0.5059478759765625,9.170080718994141,-0.9638456726074219
10523,-1.603615264892578,9.533225555419923,0.009430389404296876
10590,0.7936495971679688,11.301947479248048,0.6827302551269532
10659,1.1487112426757813,12.48897903442383,-0.6075865173339844
10723,-2.2483245849609377,15.573464813232423,0.5737568664550782
10790,-0.8750802612304688,17.276473388671874,0.5538482666015625
10859,1.811532897949219,13.852643280029298,-1.3656101989746094
10923,-1.627116394042969,18.11398178100586,0.7467970275878907
10990,-1.5385006713867189,15.832276611328126,1.2638218688964844
11059,0.8878038024902344,14.204262084960938,-1.4031820678710938
11123,-0.33485366821289064,12.721445617675782,-0.10568023681640626
11190,-0.8481362915039063,12.690460052490234,1.1796968078613281
11259,0.5550457763671875,10.345137176513672,-0.06975494384765625
11323,-0.009580078125,9.873917083740235,-0.23171813964843752
11390,-0.8646020507812501,10.145901489257813,0.7563771057128906
11459,0.38559814453125,7.866591339111329,0.4878355407714844
11523,0.7550299072265625,6.369704132080078,0.0047900390625
11590,0.06825805664062501,4.034111022949219,0.34907409667968753
11659,-0.46643005371093754,7.184010772705078,1.1268566894531251
11723,-0.08457412719726563,8.778644714355469,0.42870849609375
11790,0.5179229736328125,9.199868774414062,-0.1886077880859375
11859,-0.4400848388671875,13.121713256835939,0.7120692443847657
11923,-0.6237528991699219,11.568243713378907,0.5936654663085937
11990,-0.17019607543945314,13.265264739990235,-0.43304946899414065
12057,0.41688308715820316,12.723541259765625,0.5348377990722657
12123,0.10059082031250001,11.674522705078125,0.4819976806640625
12190,-0.9749226379394532,13.841117248535157,-0.14145584106445314
12259,0.025297393798828127,14.417269134521485,0.041613464355468754
12323,0.33126113891601566,11.885434112548829,0.8951385498046875
12390,-0.6887178039550782,13.088931427001954,0.6300398254394531
12459,-0.5309458923339844,11.34326156616211,-0.43619293212890625
12523,-0.07379653930664062,10.50021469116211,0.12049942016601563
12589,0.004640350341796875,8.996591491699219,0.49217651367187504
12659,-0.11211685180664063,7.10123291015625,-0.23067031860351564
12723,-0.46298721313476565,6.504873046875001,-0.506546630859375
12790,-0.6786886596679688,7.536078643798828,-0.29189300537109375
12859,-0.15073654174804688,7.901917877197266,0.29847930908203124
12923,0.2528242492675781,7.874075775146485,0.239501953125
12990,-0.28755203247070316,9.572144622802735,-0.3956272888183594
13059,-0.8330177307128906,11.182645568847656,-0.4303550720214844
13123,0.23366409301757815,11.579919433593751,0.39592666625976564
13190,0.3619473266601563,12.319082336425781,0.33410522460937503
13259,-0.7479945373535156,13.284873962402344,-0.9604028320312501
13323,-0.3010240173339844,13.873000946044922,-0.2992277526855469
13390,0.39308258056640627,13.65490447998047,1.0819500732421876
13456,-0.45220962524414066,14.28524368286133,-0.13861175537109377
13523,-0.5593867492675781,13.008099517822266,-0.6242019653320313
13590,-0.16570541381835938,12.28061233520508,0.7866142272949219
13659,-0.14160552978515625,11.725865936279298,0.6688092041015625
13723,-0.21600082397460937,10.947334899902344,-0.4351451110839844
13789,-0.27153533935546875,9.99726058959961,0.10283615112304688
13859,-0.22767654418945313,8.393345947265626,0.9642947387695313
13923,-0.25297393798828127,7.7671980285644535,0.5346881103515625
13990,-0.32048355102539067,7.662415924072266,-0.12783416748046875
14059,-0.4340972900390625,7.952213287353516,-0.05942642211914063
14123,-0.48648834228515625,8.086783447265626,0.5655239868164063
14190,-0.3725752258300781,8.669821014404297,0.6762936401367188
14259,-0.18336868286132812,10.098749542236328,-0.20746856689453125
14323,-0.35640884399414063,11.478280792236328,-0.21764739990234377
14390,-0.5492079162597656,12.16041229248047,0.7918533325195313
14459,-0.04580474853515625,12.626243591308594,0.18351837158203127
14522,-0.23067031860351564,13.133388977050782,-0.4842430114746094
14590,-0.7860154724121095,13.831537170410156,0.2561174011230469
14659,-0.12034973144531251,13.388458557128907,0.3441343688964844
14723,0.17468673706054688,12.995076599121095,-0.2171983337402344
14790,-0.5873785400390625,12.683274993896484,-0.21450393676757815
14859,-0.499361572265625,11.951446838378907,0.2944377136230469
14961,0.042361907958984375,10.352771301269533,0.31404693603515627
14990,-0.1279838562011719,10.001601562500001,0.24189697265625001
15056,-0.48259643554687504,8.889114990234376,0.18142272949218752
15123,-0.44562332153320316,8.347690887451172,0.4763095092773438
15190,-0.33320709228515627,7.814200286865235,0.568817138671875
15259,-0.28635452270507816,7.577243041992188,0.4263134765625
15323,-0.38574783325195316,8.097710723876954,0.31644195556640625
15390,-0.5420228576660157,8.886570281982422,0.35161880493164066
15459,-0.47376480102539065,9.575288085937501,0.3725752258300781
15523,-0.3297642517089844,10.511591033935547,0.33141082763671875
15590,-0.42421783447265626,11.551029510498047,0.257464599609375
15659,-0.5222639465332032,12.29887435913086,-0.0058378601074218755
15723,-0.3561094665527344,12.715308380126954,-0.0047900390625
15790,-0.3787124633789063,13.107642517089845,0.031734008789062504
15859,-0.4656816101074219,13.24251205444336,-0.12184661865234375
15923,-0.3004252624511719,12.842992858886719,0.06301895141601563
15990,-0.45939468383789067,12.47281265258789,0.3680845642089844
16059,-0.42706192016601563,11.807146911621095,0.12484039306640625
16123,-0.32108230590820314,11.05825424194336,0.17333953857421877
16190,-0.4962181091308594,10.484647064208986,0.39053787231445314
16259,-0.49187713623046875,9.593101043701173,0.3706292724609375
16323,-0.3993695068359375,8.697064361572266,0.30491592407226564
16390,-0.540076904296875,8.133486328125,0.2977308654785156
16459,-0.6962022399902345,7.981402587890625,0.18875747680664062
16523,-0.6342311096191406,8.016429748535156,0.06735992431640625
16590,-0.4818479919433594,8.346493377685547,0.12439132690429688
16659,-0.4914280700683594,9.206455078125,0.0820294189453125
16723,-0.20462448120117188,9.862391052246094,0.762813720703125
16790,5.848338317871094,7.8796142578125,13.619877319335938
16856,0.3733236694335938,26.05197463989258,-2.8864476013183595
16923,-0.11870315551757814,13.371244354248047,1.0722203063964844
16990,-1.0338999938964843,13.411211242675781,0.2327659606933594
17056,0.4471202087402344,12.982203369140626,-1.896705780029297
17123,-0.8379574584960938,14.618750152587891,1.0767109680175782
17190,-1.4768289184570313,13.190570068359376,0.9271719360351564
17256,0.8866062927246094,12.894186401367188,-0.5858816528320313
17323,-0.2329156494140625,11.03714813232422,0.16166381835937502
17389,-1.61184814453125,10.819351043701172,0.20043319702148438
17456,-0.5894741821289062,8.436905364990235,0.07649093627929687
17523,0.076640625,8.193511505126953,0.3415896606445313
17590,-0.21689895629882813,6.574627990722656,-0.07918533325195314
17656,-0.5456153869628907,5.601501617431641,-0.501756591796875
17723,-0.7542814636230469,6.297105102539063,-0.7967930603027344
17790,-0.7485932922363282,8.050409088134765,-0.28949798583984376
17858,-0.11032058715820313,9.442963256835938,0.8556207275390626
17923,0.0652642822265625,11.34415969848633,-0.04056564331054688
17990,-0.604742431640625,12.953463134765625,-1.1665242004394532
18057,-0.6809339904785157,13.223052520751954,0.45295806884765627
18123,-0.25297393798828127,13.833183746337891,1.3262420654296876
18190,0.5014572143554688,17.309105529785157,-0.7857160949707032
18258,-0.47196853637695313,16.30723892211914,-0.4064048767089844
18323,-1.0364447021484375,14.345867614746094,0.9818083190917969
18390,0.16795074462890625,14.001583557128907,0.13486953735351564
18458,-0.06002517700195313,12.206666107177735,-0.26614654541015625
18523,-0.9656419372558595,12.298275604248047,0.1646575927734375
18590,-0.46493316650390626,10.901230773925782,0.24159759521484375
18659,0.08173004150390625,10.022557983398437,0.13921051025390627
18723,1.5019766235351564,11.849508819580079,-0.11795471191406251
18789,-1.201102294921875,5.6151232910156255,6.1047550964355475
18859,-0.8828640747070313,5.301076354980469,3.8782850646972657
18923,-1.0437794494628907,6.411467285156251,1.9992425537109375
18990,-1.6552578735351564,8.67371292114258,-0.6755451965332031
19059,1.4166540527343752,9.351503448486328,-1.367406463623047
19123,0.7146139526367188,11.132200469970703,2.3593936157226563
19190,-1.6474740600585938,19.23769500732422,4.75171875
19259,0.27153533935546875,13.090278625488281,-1.7465679931640625
19323,0.4315525817871094,14.744488677978516,-1.8290464782714844
19390,-0.940045166015625,14.025982818603516,2.2650897216796877
19459,-0.9135502624511719,14.705419921875,0.7063810729980469
19523,0.42242156982421875,12.766202545166017,-1.6290623474121095
19590,-0.13980926513671876,12.402608642578125,1.3843212890625
19659,-0.43424697875976564,11.447893981933595,0.5394781494140626
19723,-0.20387603759765627,11.552526397705078,-1.311123504638672
19790,0.046702880859375004,10.873987426757813,0.30267059326171875
19859,0.24384292602539065,9.982291717529298,1.5726296997070313
19961,-0.4195774841308594,7.719297637939453,0.18576370239257814
19990,-0.35521133422851564,6.616540832519531,-0.1981878662109375
20056,0.1802252197265625,6.760840759277344,-0.044008483886718755
20123,0.5502557373046876,5.7824752807617195,0.520767059326172
20190,0.24623794555664064,7.794890441894531,1.0963201904296875
20259,-0.6448590087890625,10.289602661132813,0.2633024597167969
20323,-0.32721954345703125,10.983260192871095,-0.7472460937500001
20390,0.2796185302734375,11.812535705566408,0.5992039489746094
20459,-0.307760009765625,12.70408172607422,1.1552975463867188
20523,-0.40505767822265626,13.574222259521486,-0.6572831726074219
20590,0.3043171691894531,12.580738220214844,-0.08472381591796875
20659,-0.3381468200683594,17.122743072509767,1.7856367492675782
20723,-0.6619235229492187,13.327684936523438,-0.13980926513671876
20790,-0.022602996826171878,13.159584503173829,-0.5677693176269532
20859,0.017064514160156252,12.124187622070313,1.077609100341797
20923,-0.5480104064941407,11.86103485107422,0.55324951171875
20990,-0.5346881103515625,11.108699340820314,-0.6773414611816406
21058,-0.08771759033203125,10.299781494140625,0.42706192016601563
21123,-0.0736468505859375,7.333699493408203,0.9894424438476563
21190,-0.4463717651367188,7.0837193298339844,0.468226318359375
21258,-0.7957452392578125,7.433242492675782,-0.512384490966797
21323,-0.5887257385253907,8.124205627441407,-0.34518218994140626
21390,0.5252577209472656,8.199349365234376,0.7358697509765625
21458,1.8721568298339846,8.6077001953125,1.5875985717773438
21523,5.862409057617188,11.675869903564454,0.3746708679199219
21590,6.139482879638672,11.43232635498047,-0.8860075378417969
21658,-1.462009735107422,16.351097717285157,4.489314422607422
21723,-4.028273162841797,16.674874420166017,0.09819580078125001
21790,1.5314653015136719,13.871803436279297,-1.8739530944824219
21858,1.3078303527832031,16.849261779785156,3.425776062011719
21923,-2.1802162170410155,14.463373260498047,1.725461883544922
21990,-0.9529183959960938,15.609090728759766,-2.651885375976563
22056,0.7725434875488282,12.99911819458008,0.5572911071777344
22123,0.16181350708007813,11.229947204589845,2.2839505004882814
22190,-1.4551240539550783,10.330018615722656,-0.05119354248046875
22259,-1.248852996826172,9.899214477539063,-1.4314732360839844
22323,0.354462890625,7.021598510742188,-0.30731094360351563
22390,0.5465135192871095,5.914949798583985,0.2655477905273438
22458,-0.7164102172851563,4.927602996826172,0.6677613830566407
22523,-1.6587007141113281,7.021299133300782,0.7310797119140625
22590,-1.5081138610839844,8.331225128173829,-0.20552261352539064
22658,-0.25387207031250003,9.110504608154297,-0.9244775390625001
22723,0.11765533447265626,11.116333465576172,0.45520339965820317
22790,-0.6315367126464844,11.854747924804688,1.9706520080566408
22858,-1.2331356811523437,13.141621856689454,0.17184265136718752
22923,-0.7767347717285157,13.220807189941407,-0.46059219360351566
22990,0.2213896179199219,10.535391540527344,1.0385403442382812
23059,-0.6643185424804687,14.482084350585938,1.0056088256835938
23123,-1.6687298583984376,14.692247314453125,-0.03742218017578125
23190,0.35131942749023437,13.71627685546875,-0.2989283752441406
23259,0.020507354736328125,12.986843719482422,0.7382647705078126
23323,-1.3239967346191408,12.309053192138672,0.8934919738769531
23390,-1.0186317443847657,11.21108642578125,-0.3725752258300781
23458,-0.259859619140625,10.531050567626954,-0.19878662109375
23523,0.0,10.012678527832032,0.9478289794921876
23590,-0.2999761962890625,8.158933410644531,1.0853929138183593
23659,-0.038020935058593754,6.1821441650390625,0.5447172546386719
23723,0.6427633666992187,6.830745391845704,-1.9399658203125
23789,-0.20507354736328126,7.511080627441407,-1.7558486938476563
23859,-0.9988728332519532,7.687114562988282,-4.597689056396485
23923,0.10074050903320313,11.843072204589845,-10.837613067626954
23990,2.954106903076172,28.582312774658206,1.313668212890625
24059,1.4226416015625,10.359656982421875,-1.6353492736816406
24123,-3.324137420654297,18.66049530029297,1.332528991699219
24190,0.8319699096679688,15.724051666259767,5.619464263916016
24259,1.4196478271484376,20.998782806396484,-3.105142822265625
24323,-3.520379333496094,13.561498718261719,-0.28830047607421877
24390,1.1443702697753906,19.589014434814455,3.892804870605469
24459,1.4877561950683595,10.674003295898437,-0.7117698669433594
24523,-2.0950433349609376,14.251114654541016,-0.9122030639648437
24590,-0.9442364501953125,10.071506195068359,0.7340734863281251
24659,2.0413050842285156,10.050699462890625,1.069226531982422
24723,0.42691223144531254,5.575455780029297,-0.17992584228515626
24790,-0.6770420837402344,3.793411560058594,-0.6334826660156251
24859,-0.8577163696289063,3.1985485839843752,-0.7108717346191407
24958,-0.2594105529785156,5.738167419433594,-0.6364764404296875
24990,0.6500981140136719,5.768853607177735,0.06481521606445313
25056,1.4714401245117188,6.126160583496094,0.540076904296875
25123,-0.4927752685546875,13.37274124145508,-0.00928070068359375
25190,-2.4158262634277343,16.193924560546876,-1.4816189575195313
25259,1.8251545715332032,9.142088928222657,0.6827302551269532
25323,0.20267852783203125,19.117644653320312,2.335293731689453
25390,-2.5869204711914064,16.930093688964845,-3.241509246826172
25459,1.5147001647949219,16.39824966430664,0.8819659423828126
25523,0.076640625,14.998959503173829,2.518512725830078
25590,-2.2432351684570313,17.728533325195315,-3.184926910400391
25659,0.4423301696777344,14.025533752441406,-0.20118164062500002
25723,0.8750802612304688,12.58867172241211,2.0582199096679688
25790,-1.0939251708984377,10.449769592285156,-0.6005511474609375
25859,-1.2329859924316406,12.047546997070313,-1.6193325805664063
25923,0.6873706054687501,9.06035888671875,0.9087602233886719
25990,0.7282356262207031,5.473667449951172,1.5543676757812501
26059,-0.2424957275390625,2.9464727783203126,0.6053411865234375
26123,-0.7321275329589844,3.0636790466308597,0.03457809448242188
26190,-1.605710906982422,7.126679992675782,-0.5626799011230469
26259,0.36898269653320315,8.015980682373048,0.8719367980957031
26323,1.4025833129882814,7.7652520751953125,2.08606201171875
26390,-0.9226812744140626,13.849499816894532,1.18074462890625
26459,-1.8073416137695313,13.472134552001954,-1.8140776062011719
26523,1.3653108215332033,13.429622955322266,0.9960287475585938
26590,-0.4896318054199219,13.169014892578126,2.3011647033691407
26659,-1.3163626098632812,15.620916137695314,-0.5011578369140626
26723,0.7872129821777344,15.377821655273438,-0.09415420532226564
26790,-0.3933819580078125,13.940510559082032,1.9999909973144532
26859,-1.0304571533203126,14.331048431396486,0.039517822265625
26923,0.23111938476562502,14.06684783935547,-0.6228547668457032
26990,0.2859054565429688,11.799063720703126,1.3313314819335937
27056,-0.4704716491699219,11.512709197998047,0.6393205261230469
27123,-0.508941650390625,11.238928527832032,-0.689765625
27190,0.5620811462402344,8.907676391601562,-0.00269439697265625
27259,0.47720764160156254,6.127807159423829,0.4046086120605469
27323,-0.2760260009765625,6.892716522216797,-0.13906082153320312
27390,-0.7457492065429688,6.447093200683594,-0.6195616149902344
27459,-0.28455825805664064,5.742957458496094,-0.5002597045898438
27523,0.17618362426757814,7.8956309509277345,0.0221539306640625
27590,-0.015717315673828124,11.61629379272461,0.6698570251464844
27656,-0.7623646545410157,12.319681091308594,0.015867004394531252
27723,-0.013471984863281251,12.280762023925782,-0.2662962341308594
27790,0.011825408935546875,13.11797103881836,0.04819976806640625
27859,-0.39532791137695317,14.567855987548828,-0.5077441406250001
27923,-0.28740234375,12.593312072753907,-0.32407608032226565
27990,-0.1359173583984375,15.126793670654298,0.47900390625
28059,-0.45759841918945315,15.028448181152344,-0.20432510375976565
28123,-0.43843826293945315,14.25755126953125,-0.30805938720703124
28190,0.050295410156250005,13.122611389160157,0.47720764160156254
28259,0.037272491455078126,11.678414611816407,0.3725752258300781
28323,-0.42616378784179687,10.725047149658204,0.041164398193359375
28390,-0.38290374755859374,10.815459136962891,-0.012723541259765625
28457,0.37616775512695316,8.330776062011719,0.3438349914550781
28523,0.33410522460937503,6.849905548095704,0.6782395935058594
28590,-0.27916946411132815,6.658453674316407,0.8113128662109376
28656,-0.22094055175781252,6.5310685729980476,0.09430389404296875
28723,1.357676696777344,7.667655029296875,-2.492766265869141
28789,-3.0159283447265626,7.998317413330079,-5.719905395507813
28856,-6.642736358642578,18.030455474853518,-25.889412689208985
28923,-8.023165740966798,17.48124755859375,5.62111083984375
28990,1.20948486328125,16.549435272216797,0.5023553466796875
29059,-7.586972808837891,17.34383331298828,-6.796616363525391
29123,-6.667734375,22.32337829589844,-0.20806732177734377
29190,-8.895252227783203,14.360836486816407,0.5487588500976562
29260,-6.848408660888672,17.575252075195312,4.636159057617188
29323,-8.472381591796875,15.22034912109375,1.3864169311523438
29390,-5.0744476318359375,10.543923797607423,2.136357421875
29459,-6.953490142822266,12.006981353759766,1.4874568176269531
29523,-5.13297592163086,8.539142761230469,0.8997789001464844
29590,-5.688321075439453,6.263874206542969,0.7479945373535156
29656,-5.160069580078125,4.704117736816406,-0.5953120422363282
29723,-4.883594512939453,1.1618838500976563,0.3339555358886719
29790,-4.405788116455079,6.882238311767578,0.19249969482421875
29856,-4.3084904479980475,3.9243891906738284,-0.9798623657226563
29959,-2.3858885192871093,4.589605865478516,-2.0648062133789065
29990,-2.7866052246093753,6.501729583740235,-2.133812713623047
30056,-5.535039825439453,13.991704101562501,-4.1357496643066405
30123,-8.973389739990235,17.916542358398438,1.2922627258300783
30190,-6.987918548583985,11.265423431396485,2.5249493408203127
30260,-5.114713897705078,15.747103729248048,2.0281324768066407
30323,-2.5400679016113283,20.49552932739258,0.21315673828125
30390,-5.151836700439453,21.47718795776367,-0.9369017028808594
30459,-5.558690643310547,10.826087036132813,-0.45744873046875
30523,-7.773784332275391,22.202878875732424,1.3808784484863281
30590,-6.488706665039063,11.015443267822267,0.4667294311523438
30657,-6.408623199462891,13.861624603271485,-0.3737727355957031
30723,-6.494245147705079,6.160139923095703,1.599723358154297
30790,-5.6378759765625,11.390114135742188,1.2112811279296876
30857,-5.975723419189453,7.661068725585938,1.9679576110839845
30923,-5.345234527587891,4.062851257324219,0.31913635253906253
30990,-4.570296020507813,2.8060647583007814,0.2281256103515625
31058,-4.796775054931641,5.23072265625,1.7131874084472658
31123,-5.228627014160156,6.259084167480469,0.5224136352539063
31190,-4.318070526123047,4.740492095947266,-0.3629951477050781
31259,-5.065017242431641,9.637857971191407,-0.6973997497558594
31323,-5.489833831787109,12.559033355712891,-2.2384451293945316
31390,-6.237379302978516,14.336287536621095,0.9800120544433594
31459,-7.620203704833985,16.634159088134766,0.1872605895996094
31523,-5.953120422363281,16.426091766357423,2.3980133056640627
31590,-6.4147604370117195,17.412989501953128,1.7369879150390626
31659,-3.6805462646484375,14.019246826171877,1.0626402282714844
31723,-4.444856872558594,14.5090283203125,0.2517764282226563
31790,-4.199966125488282,14.533128204345704,0.2656974792480469
31859,-7.0838690185546875,15.88137451171875,-0.7732919311523437
31923,-5.339995422363281,11.88169189453125,-0.33635055541992187
31990,-6.677464141845704,12.917986907958985,0.7842192077636719
32057,-5.37202880859375,8.705147552490235,0.8599617004394532
32123,-5.221292266845704,7.1561686706542975,2.2704785156250002
32190,-5.193300476074219,7.936346282958985,1.1129356384277345
32259,-4.426744537353516,3.715573425292969,0.686173095703125
32323,-4.154460754394531,4.578229522705079,0.8571176147460938
32390,-3.916605377197266,5.896089019775391,0.7884104919433594
32459,-3.642974395751953,7.340136108398438,1.0771600341796876
32523,-4.433330841064453,12.574750671386719,0.36239639282226566
32590,-4.640050964355469,11.341465301513672,-1.5395484924316407
32659,-5.121898956298828,10.999127197265626,0.162861328125
32723,-5.169200592041016,13.160482635498047,1.2017010498046876
32790,-3.0039532470703127,16.08405303955078,2.976859588623047
32859,-3.3331187438964847,18.441351013183596,-0.192799072265625
32923,-3.853287048339844,17.479750671386718,-0.15492782592773438
32990,-5.728138275146485,15.805931396484375,-0.003742218017578125
33059,-4.665198669433594,14.608721008300781,1.3537847900390625
33123,-3.4886453247070315,12.140653381347656,2.0002903747558594
33190,-2.179617462158203,11.651171264648438,1.1801458740234376
33259,-2.532284088134766,11.525881805419923,-0.135318603515625
33323,-3.5018179321289065,11.004515991210939,-1.0785072326660157
33390,-3.929029541015625,8.675509185791016,-0.987945556640625
33456,-3.8492454528808597,6.959477691650391,-0.35595977783203125
33523,-3.7679644775390626,5.276377716064453,0.7155120849609375
33590,-3.616180114746094,5.217250671386719,1.4127621459960937
33659,-3.823498992919922,6.286626892089844,1.8278489685058594
33723,-3.879781951904297,8.4256787109375,1.496737518310547
33789,-2.6337730407714846,9.920919342041016,1.1331436157226562
33859,-2.375859375,11.632160797119141,0.5402265930175781
33923,-2.0610639953613283,12.766950988769532,-0.5167254638671875
33990,-2.864593048095703,17.141304473876954,0.09265731811523438
34056,-3.565884704589844,12.790751495361329,0.27842102050781253
34123,-3.437601470947266,14.720089416503907,1.5109579467773437
34190,-3.3955389404296876,15.87314163208008,1.1409274291992189
34259,-2.7961853027343753,14.409185943603516,0.001945953369140625
34323,-3.5618431091308596,13.921799468994141,0.20791763305664063
34390,-2.887046356201172,13.114079132080079,0.4692741394042969
34459,-2.731070709228516,10.788215789794922,1.4112652587890626
34523,-2.5435107421875003,11.3092822265625,0.3841012573242188
34590,-2.1409977722167968,9.89816665649414,0.17034576416015626
34659,-2.7403514099121096,8.396190032958986,-0.06930587768554688
34723,-2.6599685668945314,7.0892578125000005,-0.45759841918945315
34790,-2.3129901123046874,5.843099212646485,-0.061072998046875
34860,-2.4969575500488284,6.904392242431641,0.7729925537109376
34957,-2.251168670654297,8.439749450683594,1.2365785217285157
34990,-1.9188597106933594,8.638536071777343,1.3867163085937502
35056,-1.8961070251464844,11.416459350585939,1.4301260375976563
35123,-2.1341120910644533,11.952943725585937,-0.42766067504882815
35190,-2.2138961791992187,12.045301666259766,-0.2424957275390625
35259,-2.893932037353516,13.65924545288086,0.3990701293945313
35323,-1.444047088623047,13.196258239746095,0.63468017578125
35390,-1.4410533142089845,19.401304779052737,1.2756472778320314
35458,-1.8961070251464844,16.154107360839845,-0.8843609619140625
35523,-2.1249810791015626,13.66403549194336,0.44607238769531254
35590,-2.6661058044433594,13.581407318115236,1.238075408935547
35657,-1.4247372436523438,11.859837341308594,0.6780899047851563
35723,-1.4395564270019532,11.686348114013672,0.6548881530761719
35790,-2.082619171142578,10.978320465087892,-0.0987945556640625
35859,-1.6102015686035156,8.907227325439454,0.3303630065917969
35923,-1.4205459594726564,7.778125305175782,1.1056008911132813
35990,-1.4034814453125,7.223378906250001,1.028511199951172
36059,-1.1811936950683595,5.1519863891601565,0.4896318054199219
36123,-1.1283535766601562,6.986721038818359,0.39532791137695317
36190,-1.6443305969238282,8.709787902832032,0.0028440856933593752
36259,-1.9010467529296875,9.716743927001954,-0.25536895751953126
36323,-1.537452850341797,10.956316223144531,0.591420135498047
36390,-1.238075408935547,11.459569702148437,0.8330177307128906
36459,-0.5412744140625,11.944561157226563,0.099393310546875
36523,-0.820144500732422,13.22425003051758,-0.08801696777343751
36590,-1.6175363159179688,14.153667297363281,0.0916094970703125
36659,-1.0807525634765625,13.066478118896486,0.7060816955566407
36723,-1.0982661437988281,14.450350341796875,0.8060737609863282
36790,-1.093027038574219,16.4967448425293,0.11076965332031251
36859,-1.3798306274414063,14.676080932617188,0.5391787719726563
36923,-1.2939093017578125,12.372521209716798,0.60114990234375
36990,-0.7137158203125,10.273436279296876,0.24489074707031253
37058,-0.6072871398925782,9.712552642822265,0.39038818359375
37123,-0.8566685485839844,9.022038574218751,0.32841705322265624
37190,-0.5273533630371094,7.477849731445313,0.3085084533691406
37259,-0.2177970886230469,6.780150604248047,0.5450166320800781
37323,-0.3836521911621094,7.246131591796876,0.6680607604980469
37390,-0.7250921630859375,8.093818817138672,0.415535888671875
37460,-0.6987469482421875,8.89076156616211,0.3495231628417969
37523,-0.6978488159179688,10.14096176147461,0.8363108825683594
37590,-0.8566685485839844,11.531719665527344,0.7283853149414062
37659,-0.5007087707519532,11.904444580078126,0.04924758911132813
37723,-0.6637197875976563,12.948673095703125,0.444276123046875
37790,-0.9964778137207032,13.632750549316407,0.53408935546875
37859,-0.13936019897460938,13.54623046875,-0.05882766723632813
37923,-0.34982254028320314,13.68648880004883,0.15402969360351562
37990,-0.8940907287597657,13.458961944580079,0.04685256958007813
38059,-0.2788700866699219,12.469519500732423,0.12948074340820312
38123,-0.3082090759277344,11.98033676147461,0.4751119995117188
38190,-0.5995033264160157,11.086246032714845,0.22962249755859376
38259,-0.27872039794921877,10.081984405517579,0.24084915161132814
38323,-0.20911514282226565,9.263037414550782,0.6170169067382812
38390,-0.4053570556640625,8.36101318359375,0.5700146484375
38459,-0.47900390625,7.716902618408204,0.29488677978515626
38523,-0.4592449951171875,7.4907229614257815,0.27931915283203124
38590,-0.48618896484375,7.833659820556641,0.5083428955078125
38659,-0.4900808715820313,8.435408477783204,0.5228627014160157
38723,-0.4052073669433594,9.539063415527345,0.21540206909179688
38789,-0.3499722290039063,10.539133758544923,0.12528945922851564
38860,-0.4079017639160156,11.583811340332032,0.51971923828125
38923,-0.27797195434570315,12.29168930053711,0.3686833190917969
38990,-0.2796185302734375,12.787009277343751,-0.024698638916015626
39057,-0.5912704467773438,13.552068328857423,0.26195526123046875
39123,-0.27617568969726564,13.477074279785157,0.3183879089355469
39190,0.020806732177734377,13.114677886962891,-0.029937744140625
39259,-0.4709207153320313,13.105397186279298,0.0676593017578125
39323,-0.36119888305664066,12.589120788574219,0.2782713317871094
39390,0.0664617919921875,11.573782196044922,0.27617568969726564
39459,-0.18965560913085938,10.480755157470703,0.2856060791015625
39523,-0.2604583740234375,9.66046096801758,0.3826043701171875
39590,0.03323089599609375,8.696615295410156,0.4824467468261719
39659,0.132923583984375,7.7707905578613286,0.4812492370605469
39723,-0.0077838134765625,7.620054016113282,0.40490798950195317
39790,-0.05523513793945313,7.7408528137207036,0.3661386108398438
39859,0.062120819091796876,8.227191467285156,0.46478347778320317
39957,-0.004939727783203125,9.251062316894531,0.5273533630371094
39990,-0.13202545166015625,10.019414520263672,0.47256729125976565
40056,-0.21585113525390626,10.835667114257813,0.3882925415039063
40123,-0.09954299926757813,11.633807373046876,0.5194198608398438
40190,-0.12633728027343752,12.372970275878908,0.6081852722167969
40259,-0.27303222656250004,13.017529907226564,0.44203079223632813
40323,-0.19549346923828126,13.313614196777344,0.41388931274414065
40390,-0.20133132934570314,13.219609680175783,0.4716691589355469
40459,-0.2667453002929688,12.87218215942383,0.3330574035644531
40523,-0.20926483154296877,12.337044982910157,0.26240432739257813
40590,-0.19609222412109376,11.79547119140625,0.34248779296875004
40659,-0.3047662353515625,11.046728210449219,0.30551467895507817
40723,-0.3381468200683594,10.186616821289062,0.22183868408203125
40790,-0.30790969848632815,9.350156250000001,0.26000930786132814
40858,-0.34278717041015627,8.586893463134766,0.3158432006835938
40923,-0.4245172119140625,8.050259399414063,0.2647993469238281
40990,-0.47750701904296877,7.979157257080079,0.2225871276855469
41059,-0.4303550720214844,8.140821075439453,0.264649658203125
41123,-0.39847137451171877,8.68957992553711,0.4302053833007813
41190,-0.46523254394531255,9.48472640991211,0.5216651916503906
41259,-0.5057981872558595,10.459649047851563,0.5590873718261719
41323,-0.417930908203125,11.088341674804688,0.5445675659179687
41390,-0.38859191894531253,11.75610305786133,0.5983058166503906
41459,-0.47975234985351567,12.300970001220703,0.6942562866210937
41523,-0.4177812194824219,12.541968841552736,0.5420228576660157
41590,-0.43349853515625003,12.71081771850586,0.41044647216796876
41659,-0.6010002136230469,12.610077209472657,0.47181884765625004
41723,-0.5522016906738282,12.257410583496094,0.42152343750000004
41789,-0.5492079162597656,11.821966094970703,0.26195526123046875
41859,-0.6219566345214844,11.318562927246095,0.3691323852539063
41923,-0.6744973754882813,10.600206756591797,0.34982254028320314
41990,-0.803529052734375,9.7189892578125,0.3065625
42057,-0.8041278076171875,9.010961608886719,0.4293072509765625
42123,-0.6649172973632813,8.39259750366211,0.4866380310058594
42190,-0.6253994750976563,8.040679321289064,0.48259643554687504
42259,-0.6153703308105469,8.063132629394532,0.5246589660644532
42323,-0.5170248413085938,8.40217758178711,0.4531077575683594
42390,-0.5010081481933594,9.104816436767578,0.33859588623046877
42459,-0.6520440673828125,10.034832458496094,0.37631744384765625
42523,-0.7206015014648438,10.79046112060547,0.3595523071289063
42590,-0.8391549682617188,11.690838775634766,0.21540206909179688
42659,-1.004561004638672,12.334500274658204,0.17318984985351563
42723,-0.9830058288574219,12.867392120361329,0.22109024047851564
42790,-1.0708731079101563,12.92397445678711,0.21480331420898438
42859,-1.2281959533691407,12.921280059814453,0.3070115661621094
42923,-1.0823991394042969,12.42146942138672,0.29054580688476567
42990,-1.00830322265625,11.954889678955078,0.4147874450683594
43059,-1.026116180419922,11.181597747802735,0.6541397094726563
43123,-1.0666818237304687,10.347232818603516,0.44801834106445315
43190,-1.3034893798828127,9.803563385009767,0.27078689575195314
43259,-1.2774435424804689,9.078770599365235,0.2571652221679688
43323,-1.2805870056152344,8.565637664794922,0.2347119140625
43390,-1.5299684143066408,8.314160614013673,0.36598892211914064
43459,-1.6238232421875,8.273445281982422,0.5587879943847657
43523,-1.5660433959960938,8.355923767089845,0.48035110473632814
43590,-1.5173945617675781,8.750652923583985,0.4427792358398438
43659,-1.3070819091796875,9.400301971435548,0.5568420410156251
43723,-1.2028985595703126,10.039173431396485,0.5057981872558595
43789,-1.580413513183594,11.052266693115236,0.4984634399414063
43859,-1.7570462036132812,11.859537963867188,0.44113265991210937
43923,-1.8573376464843752,12.48134490966797,0.00449066162109375
43990,-1.9477496337890625,12.926668853759766,0.1986369323730469
44059,-1.7486636352539064,12.723541259765625,0.42616378784179687
44123,-1.9498452758789064,12.445120239257813,0.39248382568359375
44190,-1.9455043029785157,11.735745391845704,0.5334906005859376
44259,-1.7524058532714846,10.951675872802735,0.45535308837890626
44323,-1.8796412658691408,10.509645080566406,0.45415557861328126
44390,-1.8934126281738282,9.795929260253907,0.4827461242675781
44459,-2.1478834533691407,9.363628234863281,0.42272094726562504
44523,-2.3971151733398437,8.98027542114258,0.5978567504882812
44590,-2.268981628417969,8.445437622070314,0.5902226257324219
44659,-2.1535716247558594,8.294701080322266,0.4194277954101563
44723,-2.0028350830078128,8.403674468994142,0.4213737487792969
44790,-1.8455122375488282,8.777447204589844,0.35326538085937503
44859,-2.1179457092285157,9.572294311523438,0.3668870544433594
44958,-2.555336151123047,10.820099487304688,0.468226318359375
44990,-2.6168582153320314,11.059900817871094,0.3534150695800781
45056,-2.7729835510253906,11.535761260986328,0.1884580993652344
45123,-2.5176145935058596,11.604019317626953,0.45235931396484375
45190,-2.1616548156738284,11.539503479003907,0.7048841857910156
45258,-2.4405249023437503,11.704161071777344,0.8331674194335938
45323,-2.518961791992188,11.669133911132812,0.6798861694335938
45390,-2.831960906982422,11.913126525878907,0.3742218017578125
45459,-2.9008177185058597,11.831097106933594,0.4635859680175782
45523,-2.8196864318847656,11.24940673828125,0.3811074829101563
45590,-2.8204348754882815,10.585836639404297,0.5441184997558594
45659,-2.6888584899902344,9.6183984375,0.43828857421875
45723,-2.7557693481445313,9.016649780273438,0.26270370483398436
45790,-2.78061767578125,8.496182098388672,0.2902464294433594
45859,-2.890489196777344,8.370443572998047,0.316142578125
45923,-3.106190643310547,8.604107666015626,0.6283932495117188
45990,-3.0529014587402346,8.637488250732423,0.7955955505371094
46059,-3.011737060546875,8.90513168334961,0.5285508728027344
46123,-2.921025695800781,9.537267150878908,0.4930746459960938
46190,-2.7364595031738284,10.406210174560547,0.3998185729980469
46259,-3.1653176879882814,11.55492141723633,0.5346881103515625
46323,-3.3332684326171877,11.942764892578126,0.6843768310546875
46390,-3.5582505798339845,12.128678283691407,0.4101470947265625
46459,-3.5209780883789064,11.804452514648439,0.434696044921875
46523,-2.875071258544922,11.284733276367188,0.367635498046875
46590,-2.8541148376464847,11.286080474853517,0.4704716491699219
46659,-2.8693830871582033,11.05630828857422,0.8771759033203126
46723,-3.3438963317871098,11.18563934326172,0.9068142700195313
46790,-3.7675154113769533,10.917247467041015,0.8297245788574219
46859,-3.689228210449219,10.099797363281251,0.45385620117187503
46923,-3.4215847778320314,9.180409240722657,0.12214599609375
46990,-3.126697998046875,8.65320556640625,-0.022602996826171878
47058,-2.9752130126953125,8.438252563476563,0.05942642211914063
47123,-3.150199127197266,8.708889770507813,0.5032534790039063
47190,-3.3389566040039065,8.834179229736328,0.9859996032714844
47259,-3.5920802307128907,8.899293823242187,1.004710693359375
47323,-3.692970428466797,9.272168426513673,0.6891668701171876
47389,-3.470532989501953,9.906848602294922,0.223934326171875
47460,-3.318149871826172,10.95616653442383,0.11256591796875001
47523,-3.320245513916016,11.615245971679688,0.3842509460449219
47590,-3.5486705017089846,12.084071044921876,0.7370672607421875
47659,-3.8938526916503906,11.883937225341798,0.8845106506347656
47723,-3.9043309020996095,11.378887481689453,0.4966671752929688
47790,-3.5753150939941407,11.03475311279297,0.1483415222167969
47859,-3.0853839111328125,10.945838012695313,0.197589111328125
47923,-3.1401699829101566,11.078911285400391,0.7833210754394532
47990,-3.5422338867187504,10.867999877929687,1.1904743957519532
48058,-3.9318736267089847,10.267299041748048,1.0654843139648438
48123,-4.071682891845703,9.476792907714843,0.6258485412597656
48190,5.768853607177735,8.621920623779298,-0.6399192810058594
48259,2.7738816833496096,9.302255859375,-3.1979498291015624
48323,0.10942245483398438,8.760831756591797,-1.0481204223632814
48390,3.0259574890136722,8.384963378906251,-1.5200889587402344
48459,-1.2954061889648438,8.60665237426758,-2.6542803955078127
48523,-0.41164398193359375,7.9370947265625,-0.5083428955078125
48590,1.16637451171875,8.723708953857422,-2.4340882873535157
48659,-2.285597076416016,8.88357650756836,-2.3140379333496095
48723,-3.7247044372558595,8.794212341308594,-1.97110107421875
48790,-0.9035211181640626,9.085955657958985,1.8999989318847657
48859,-2.5259971618652344,12.065210266113281,6.772965545654297
48923,-8.37343734741211,15.368990020751953,6.130800933837891
48990,-4.548740844726563,13.486654357910156,1.7905764770507813
49059,-1.9261944580078125,10.961106262207032,3.151696014404297
49123,-3.7294944763183597,17.8762760925293,-0.12843292236328124
49190,-2.708168334960938,12.224329376220703,-1.2569361877441407
49259,-5.437742156982422,12.11640380859375,0.13846206665039062
49323,-4.867577819824219,10.915451202392578,0.9565109252929688
49390,-3.626358947753906,11.82466049194336,2.5381219482421877
49459,-2.7973828125,11.783346405029297,1.0949729919433595
49523,-2.6596691894531252,10.185269622802736,0.07514373779296875
49590,-3.419788513183594,9.116791534423829,-0.8158035278320312
49659,-3.520529022216797,7.211254119873047,-0.7063810729980469
49723,-4.154161376953125,7.301366729736328,0.5038522338867187
49790,-4.446952514648438,6.593339080810547,0.7704478454589844
49859,-4.2966650390625,7.470215606689454,1.1323951721191408
49960,-3.4344580078125,9.049730987548829,1.2828323364257812
49990,-2.8219317626953124,9.545649719238282,1.2063414001464845
50056,-2.179617462158203,10.390642547607422,0.9533674621582032
50123,-2.5656646728515624,14.64449661254883,-0.3661386108398438
50190,-3.682043151855469,14.499448242187501,-0.9623487854003907
50259,-4.75456283569336,15.015874328613283,0.5083428955078125
50323,-4.394411773681641,13.891861724853516,1.4581178283691407
50390,-3.0624815368652345,13.040881347656251,1.517095184326172
50459,-2.3309527587890626,12.462334442138673,0.3972738647460938
50523,-2.598147125244141,12.006083221435548,-0.16420852661132812
50590,-3.5292109680175785,11.731404418945313,-0.08232879638671875
50659,-3.8538858032226564,11.184142456054689,0.12603790283203126
50723,-3.6935691833496094,10.614576873779297,0.5730084228515625
50790,-3.5245706176757814,9.901160430908204,0.8140072631835938
50859,-3.0328431701660157,7.847281494140625,0.4992118835449219
50923,-2.6289830017089844,6.514453125,0.822689208984375
50990,-2.9458740234375003,7.318281555175782,1.1087443542480468
51059,-3.0814920043945313,8.593030700683594,0.5028044128417969
51123,-2.841391296386719,8.619076538085938,0.5237608337402344
51189,-3.3355137634277345,9.39221878051758,0.3350033569335938
51259,-2.864593048095703,9.97570541381836,0.038470001220703126
51323,-2.609373779296875,11.114686889648437,1.033450927734375
51389,-2.774480438232422,12.252171478271485,0.45939468383789067
51459,-2.2601499938964844,12.733271026611328,0.3703298950195313
51523,-3.398383026123047,14.300212554931642,0.7614665222167969
51589,-3.137325897216797,14.000386047363282,0.3950285339355469
51659,-3.0289512634277345,13.556409301757814,1.2266990661621093
51723,-2.7523265075683594,12.632530517578125,0.39038818359375
51789,-2.0052301025390626,11.315120086669923,0.458646240234375
51860,-2.61775634765625,11.126961364746094,0.38155654907226566
51923,-2.484683074951172,10.235115966796876,0.183218994140625
51989,-2.7961853027343753,9.717791748046876,0.4912783813476563
52060,-2.7990293884277344,8.806935882568359,0.07978408813476563
52123,-2.399210815429688,7.877518615722656,0.15462844848632815
52190,-2.321672058105469,7.744595031738282,0.5008584594726563
52257,-2.1679417419433595,8.007598114013673,0.5069956970214844
52323,-1.8926641845703125,8.40217758178711,0.7120692443847657
52390,-2.1297711181640624,9.5178076171875,0.7828720092773438
52459,-2.2351519775390627,10.494975585937501,0.3698808288574219
52523,-2.3559507751464843,11.057805175781251,0.4489164733886719
52590,-2.498155059814453,11.598031768798828,0.48978149414062505
52659,-1.994751892089844,11.753708038330078,0.3878434753417969
52723,-1.7128880310058594,12.343780975341797,0.3733236694335938
52790,-1.7712666320800783,12.672647094726564,0.1574725341796875
52859,-2.040406951904297,12.929812316894532,0.35865417480468753
52923,-2.092947692871094,12.962594146728517,0.5200186157226563
52990,-1.8735040283203126,12.590018920898439,0.7065307617187501
53059,-1.9642153930664064,12.02060302734375,0.51971923828125
53123,-1.8196160888671875,11.031310272216798,0.20851638793945312
53190,-1.797312469482422,10.18452117919922,0.3860472106933594
53259,-1.7292041015625002,9.137298889160157,0.49831375122070315
53323,-1.3455519104003908,8.168513488769532,0.6391708374023438
53390,-1.2973521423339844,7.759414215087891,0.8102650451660157
53459,-1.4862593078613282,8.036488037109375,0.5670208740234375
53523,-1.5229330444335938,8.372239837646484,0.23980133056640626
53590,-1.6880397033691408,8.876840515136719,0.360450439453125
53659,-1.8303936767578126,9.685458984375,0.3914360046386719
53723,-1.3831237792968751,10.262509002685547,0.324525146484375
53790,-1.0618917846679687,10.817255401611328,0.38125717163085937
53860,-1.2639715576171875,11.6350048828125,0.022303619384765626
53923,-1.2198133850097657,12.101734313964844,0.16061599731445314
53990,-1.282383270263672,12.67249740600586,0.7177574157714844
54059,-1.0371931457519532,12.944182434082032,0.4816983032226563
54123,-1.0136920166015626,12.761861572265625,0.38320312500000003
54190,-1.517095184326172,12.743300170898438,0.4966671752929688
54259,-1.2138258361816407,12.02539306640625,0.5063969421386719
54323,-0.9195378112792969,11.25988494873047,0.6468049621582032
54390,-0.9539662170410157,10.40725799560547,0.35206787109375004
54459,-0.8038284301757813,9.44071792602539,0.195194091796875
54523,-0.7728428649902345,8.751101989746093,0.4858895874023438
54590,-0.7505392456054688,8.269703063964844,0.5875282287597656
54659,-0.5322930908203125,7.996221771240235,0.4763095092773438
54723,-0.5408253479003906,8.151299285888673,0.5102888488769531
54790,-0.8725355529785157,8.894204406738282,0.5140310668945313
54859,-0.9842033386230469,9.726024627685547,0.4870870971679688
54958,-0.7466473388671876,10.637778625488282,0.6345304870605469
54990,-0.7506889343261719,10.942993927001954,0.5466632080078125
55056,-0.7683522033691407,11.571686553955079,0.27153533935546875
55123,-0.737666015625,11.964320068359376,0.2411485290527344
55190,-0.7083270263671876,12.312346343994141,0.24444168090820315
55259,-0.5641767883300781,12.393477630615235,0.11795471191406251
55323,-0.5800437927246094,12.253518676757814,0.11466156005859375
55390,-0.6685098266601562,12.035871276855469,0.2721340942382813
55459,-0.5989045715332032,11.546987915039063,0.3752696228027344
55523,-0.4549040222167969,10.9164990234375,0.40610549926757816
55590,-0.5078938293457032,10.437794494628907,0.3430865478515625
55659,-0.2477348327636719,9.840835876464844,0.1686991882324219
55723,0.59396484375,10.081535339355469,0.6396199035644532
55790,-1.8293458557128908,8.597970428466798,0.9072633361816407
55859,-2.8771669006347658,8.156987457275392,0.810714111328125
55923,-3.7744010925292972,7.885901184082032,-2.4243585205078126
55990,0.6230044555664063,8.215216369628907,-1.0533595275878906
56059,1.9664607238769531,9.379495239257812,-1.4350657653808594
56123,1.6828005981445313,10.941197662353517,-1.1422746276855469
56190,3.074007568359375,10.886710968017578,-2.5099804687500002
56258,-2.408790893554688,12.835658111572267,0.22468276977539064
56323,-0.5989045715332032,12.362791442871094,-1.13763427734375
56390,0.7463479614257813,12.804822235107423,1.3060340881347656
56459,-1.8110838317871094,13.425132293701173,1.2792398071289064
56523,-0.27303222656250004,12.69405258178711,-0.9994715881347657
56590,0.47196853637695313,12.097842407226564,0.6436614990234375
56659,-1.4867083740234375,12.474758605957032,0.9583071899414063
56723,-0.19968475341796876,11.232342224121094,-0.6816824340820313
56790,0.9090596008300782,9.902357940673829,0.3442840576171875
56859,-0.5427713012695313,10.098150787353516,1.0901829528808595
56924,-0.8628057861328126,8.943601684570313,0.0628692626953125
56990,0.3950285339355469,7.375462646484375,0.02963836669921875
57058,0.6827302551269532,7.078929290771485,0.8322692871093751
57123,-0.2963836669921875,8.269253997802736,1.0791059875488282
57190,-0.6715036010742188,8.975335693359375,-0.149688720703125
57259,0.08861572265625,9.019194488525391,-0.01676513671875
57323,0.23082000732421876,10.061626739501953,1.2304412841796875
57390,-0.41209304809570313,11.121722259521485,0.8978329467773438
57459,-0.34248779296875004,11.82136734008789,-0.42661285400390625
57524,0.012124786376953125,12.222383422851562,0.6026467895507813
57590,-0.30192214965820313,12.815450134277345,1.4868580627441408
57659,-0.34143997192382813,13.210029602050781,0.07798782348632813
57724,-0.05912704467773438,12.949720916748047,-0.021405487060546877
57790,-0.168848876953125,12.450509033203126,1.1436218261718751
57859,-0.053887939453125006,11.945459289550781,0.4137396240234375
57924,-0.07933502197265625,11.429631958007812,-0.2871029663085938
57990,-0.3507206726074219,11.106454010009767,0.6032455444335938
58059,-0.13412109375,9.901310119628906,0.6120771789550782
58124,0.056582336425781254,8.868607635498048,-0.6864724731445313
58190,1.184486846923828,9.28354476928711,-2.5201593017578126
58259,1.9974462890625,7.5628729248046875,0.15896942138671877
58324,-1.5265255737304688,9.458680572509767,0.4435276794433594
58390,-1.1853849792480469,7.981252899169922,-1.691931610107422
58459,-0.8834628295898438,8.614735565185548,-0.8241860961914063
58524,-2.059567108154297,8.831035766601563,2.8861482238769534
58590,-2.921325073242188,10.589878234863281,3.7354820251464846
58659,-2.475402374267578,12.178075561523437,3.5832485961914062
58724,-0.4149371337890625,13.105846252441406,-1.2091854858398439
58790,0.8822653198242187,12.99013687133789,0.5589376831054688
58860,-2.006726989746094,14.865736541748047,0.6551875305175782
58924,-0.1922003173828125,14.005625152587891,-0.7132667541503906
58990,0.7207511901855469,12.908855895996094,1.349593505859375
59059,-1.1114387512207031,13.644725646972656,0.35356475830078127
59124,-0.38350250244140627,12.250375213623048,-1.1371852111816407
59190,0.24219635009765625,10.956914978027344,0.9696835327148438
59259,-0.6854246520996095,9.954299926757812,1.1427236938476564
59324,-0.621507568359375,9.532177734375,-0.4614903259277344
59390,-0.06002517700195313,7.898924102783203,-0.5361849975585937
59459,-0.22617965698242187,7.847880249023438,0.7714956665039063
59524,-0.6906637573242188,7.558082885742188,0.959205322265625
59590,-0.5307962036132813,7.7513310241699225,-0.05553451538085938
59659,-0.1071771240234375,8.218509521484375,-0.5243595886230469
59723,-0.2375559997558594,9.412277069091797,0.3622467041015625
59790,-0.6809339904785157,10.752440185546876,0.8268804931640625
59859,-0.2866539001464844,11.66179916381836,-0.18920654296875
59958,-0.32257919311523436,13.016631774902345,0.13501922607421876
59990,-0.496966552734375,13.23862014770508,0.6330335998535157
60056,-0.3129991149902344,13.654006347656251,0.22348526000976562
60123,-0.10074050903320313,13.574521636962892,-0.499361572265625
60190,-0.5150788879394531,13.78378646850586,0.4770579528808594
60259,-0.15343093872070312,13.04177947998047,0.55324951171875
60323,0.04775070190429688,12.318483581542969,-0.23590942382812502
60390,-0.44113265991210937,11.760294342041016,0.24668701171875002
60459,-0.22363494873046877,10.705587615966797,0.6417155456542969
60523,-2.176623687744141,10.962752838134767,6.527026977539063
60590,-2.279160461425781,9.776170349121093,2.5837770080566407
60660,4.173770599365235,6.994654541015626,1.7664765930175783
60723,1.982776794433594,6.07616455078125,-0.06466552734375
60790,-4.161346435546875,7.884703674316406,0.047601013183593756
60859,-3.829187164306641,8.411907348632813,-1.069525909423828
60923,-1.8994001770019533,8.334967346191407,-1.5229330444335938
60990,-0.9336085510253906,9.453740844726562,0.7921527099609376
61059,-0.8409512329101563,11.684252471923829,-1.3608201599121095
61123,-0.27273284912109375,11.138038330078125,-0.6744973754882813
61190,0.3345542907714844,11.79113021850586,1.4548246765136719
61260,-0.08891510009765625,14.12627426147461,0.04415817260742188
61323,-0.9202862548828126,14.023438110351563,-0.9196875
61390,-0.02844085693359375,13.729299774169922,1.2097842407226562
61459,0.41912841796875,13.101505279541016,0.9545649719238282
61523,-0.9119036865234376,12.926519165039062,-0.7222480773925781
61590,-0.7351213073730469,12.47415985107422,0.09355545043945312
61659,0.4002676391601563,10.424172821044923,0.899329833984375
61723,-0.3031196594238281,9.273815002441406,0.07738906860351563
61790,-1.1088940429687502,8.49408645629883,-0.21510269165039064
61859,-0.7222480773925781,8.03663772583008,0.30865814208984377
61923,0.1898052978515625,7.520061950683594,0.6668632507324219
61990,0.16046630859375,7.156917114257813,0.41209304809570313
62058,-0.8604107666015626,8.270301818847656,0.3950285339355469
62123,-0.8934919738769531,9.458979949951173,0.6164181518554688
62190,0.29877868652343753,9.887239379882812,0.4290078735351563
62260,-0.16525634765625,11.041189727783204,0.5020559692382813
62323,-1.0791059875488282,11.99949691772461,1.0737171936035157
62390,-0.23740631103515628,12.564871215820313,0.5924679565429688
62459,-0.12214599609375,12.932955780029298,0.13262420654296875
62523,-0.7912545776367188,13.762830047607423,0.9485774230957031
62590,-0.13127700805664064,13.236075439453126,0.45744873046875
62659,-0.23785537719726563,12.859159240722656,-0.17528549194335938
62723,-0.6631210327148438,12.902119903564454,0.5704637145996094
62790,-0.31883697509765624,11.796219635009766,0.4273612976074219
62860,-0.6134243774414063,11.0745703125,-0.10253677368164063
62923,-0.6614744567871094,10.505154418945313,0.3734733581542969
62990,-0.2763253784179688,9.112151184082032,0.5876779174804688
63059,-0.6352789306640625,8.419092407226563,0.30252090454101566
63123,-1.0003697204589845,8.106841735839843,0.35895355224609377
63190,-0.67300048828125,7.661966857910157,0.4643344116210938
63259,-0.23860382080078127,7.276668090820313,0.3746708679199219
63323,-0.44382705688476565,8.02660858154297,0.5346881103515625
63390,-0.7565267944335938,9.600735168457032,0.9404942321777344
63459,-0.4302053833007813,10.58972854614258,0.30805938720703124
63523,-0.5075944519042969,11.295959930419922,-0.17393829345703127
63590,-0.6445596313476563,12.211456146240234,0.6360273742675782
63659,-0.22902374267578127,12.373718719482422,0.4378395080566406
63723,-1.1042536926269533,13.46045883178711,-0.116158447265625
63789,-1.1740086364746094,13.83602783203125,0.43963577270507814
63859,-0.29234207153320313,13.029205627441407,0.12214599609375
63923,-1.1714639282226562,13.206736450195313,0.19728973388671875
63990,-1.2458592224121094,12.731025695800781,0.41508682250976564
64059,-0.7267387390136719,11.742182006835938,-0.06691085815429688
64123,-0.8506809997558594,10.582393798828125,0.2844085693359375
64190,-0.6715036010742188,9.54415283203125,0.7324269104003907
64259,-0.6517446899414063,8.493936767578125,0.37272491455078127
64323,-0.9716294860839845,7.970175933837891,0.08352630615234376
64390,-1.0220745849609376,7.662864990234375,0.039966888427734375
64459,-0.9589059448242188,7.919581146240235,-0.057330780029296875
64523,-1.1692185974121094,8.651708679199219,0.08083190917968751
64590,-1.2900173950195313,9.280401306152344,0.3555107116699219
64659,-1.3093272399902345,10.162367248535157,0.33560211181640626
64723,-1.4039305114746095,10.891501007080079,0.3523672485351563
64790,-1.242865447998047,11.444451141357423,0.6804849243164063
64859,-1.191522216796875,11.787837066650392,0.6828799438476563
64960,-1.3867163085937502,12.530592498779297,0.6447093200683595
64990,-1.3021421813964844,12.814701690673829,0.44876678466796877
65056,-1.4346166992187501,12.797637176513673,0.13202545166015625
65123,-1.5230827331542969,12.691507873535157,0.4938230895996094
65190,-1.7124389648437501,12.349020080566406,0.22228775024414063
65259,-1.973346405029297,11.964619445800782,0.30252090454101566
65323,-1.6085549926757814,11.07980941772461,0.38125717163085937
65390,-1.5404466247558595,10.141261138916017,0.23680755615234375
65459,-1.657353515625,9.293124847412109,0.4357438659667969
65523,-1.5251783752441408,8.36864730834961,0.2902464294433594
65590,-1.6429833984375002,7.857160949707032,0.022902374267578126
65659,-1.8815872192382814,7.990982666015626,0.1538800048828125
65723,-1.9263441467285156,8.286019134521485,0.2477348327636719
65790,-4.464915161132812,12.687915344238283,-15.674654388427735
65859,-2.993475036621094,9.279952239990235,1.8869760131835938
65923,-5.3931349182128905,11.247161407470704,2.8005262756347657
65990,-10.720406799316407,9.93499008178711,4.3471101379394534
66059,-3.2027398681640626,8.252937927246094,5.88216796875
66123,-0.765208740234375,5.981411590576172,5.1186058044433596
66190,-0.6110293579101563,9.587562561035156,6.519093475341797
66258,-0.12978012084960938,8.786129150390625,7.229516143798828
66323,0.5864804077148438,7.723638610839844,5.00603988647461
66390,0.7319778442382813,9.56466018676758,2.485880584716797
66459,-0.4908293151855469,10.384205932617188,3.7088374328613285
66523,3.23806640625,9.490564270019531,3.0963111877441407
66590,-1.36755615234375,9.88708969116211,4.683011627197266
66659,2.707270202636719,8.557554473876953,4.285288696289062
66723,3.301384735107422,9.193132781982422,3.680695953369141
66790,1.625020751953125,8.24650131225586,5.441035308837891
66859,1.5377522277832032,9.239685974121095,3.595972137451172
66923,1.6215779113769533,8.83477798461914,3.447630615234375
66990,1.8458116149902344,9.027127990722656,4.2080493164062505
67059,2.0944445800781253,8.935069427490236,4.0742276000976565
67123,1.4203962707519533,8.552015991210938,5.044210510253906
67190,1.768721923828125,8.803642730712891,4.9775990295410155
67260,2.6494903564453125,8.742569732666016,2.16509765625
67323,3.370989990234375,7.783663787841797,3.8218524169921877
67390,2.687960357666016,9.161847839355469,2.617906036376953
67459,1.3946498107910157,8.36295913696289,5.031636657714844
67523,0.5167254638671875,9.927355957031251,1.1713142395019531
67590,1.8567388916015626,9.261690216064453,3.2430061340332035
67659,2.7725344848632814,9.613907775878907,4.478836212158203
67723,-1.3382171630859376,9.567953338623047,2.359992370605469
67790,0.3082090759277344,9.970017242431641,2.346071319580078
67859,0.51971923828125,9.84008743286133,1.6473243713378907
67923,1.0246192932128906,9.940229187011719,3.5055601501464846
67990,0.023800506591796878,9.531578979492188,3.00095947265625
68059,1.7226177978515627,9.579778747558594,2.2138961791992187
68123,1.4721885681152345,8.969647521972657,5.115911407470703
68190,0.19609222412109376,8.990454254150391,4.55772216796875
68259,1.059796142578125,8.937913513183593,3.697461090087891
68323,2.5402175903320314,9.893526306152344,0.25192611694335937
68390,4.018244018554688,8.487649841308594,5.812113647460937
68459,2.4411236572265627,8.831035766601563,2.2373973083496095
68523,1.593735809326172,9.15092056274414,3.4248779296875003
68590,2.204615478515625,9.476942596435547,4.108805694580078
68659,2.6797274780273437,10.048304443359376,2.462229766845703
68723,1.034798126220703,8.928782501220704,4.381688232421875
68789,0.3972738647460938,8.990005187988281,2.9765602111816407
68860,-2.2836511230468752,7.916138305664063,4.234095153808594
68923,-1.2255015563964844,8.254135437011719,3.577859802246094
68990,2.848726043701172,10.531050567626954,1.8047969055175783
69059,-2.0567230224609374,8.163873138427736,3.8208045959472656
69123,1.6507672119140626,9.38084243774414,3.9315742492675785
69190,2.5438101196289065,10.552605743408204,3.8613702392578126
69260,0.996328125,9.465865631103517,3.7279975891113284
69323,0.9650431823730469,9.549541625976563,4.032614135742188
69390,2.305206298828125,10.204429779052735,3.8470001220703125
69459,2.549049224853516,9.95938934326172,0.5249583435058593
69523,0.2613565063476563,8.800798645019531,1.6283139038085939
69590,-0.029189300537109376,8.837771759033204,0.8081694030761719
69659,-0.30671218872070316,9.361831970214844,2.398462371826172
69723,-0.16540603637695314,9.129515075683594,2.2385948181152346
69790,-2.086211700439453,7.623197479248048,3.386856994628906
69859,-0.4123924255371094,9.912985839843751,0.8120613098144531
69959,0.8255332946777344,10.026749267578126,1.2365785217285157
69990,0.8204438781738281,10.198741607666015,0.7658074951171875
70056,1.6601976013183595,10.021510162353517,0.13681549072265625
70123,-0.10987152099609375,9.427545318603515,1.4579681396484376
70190,-0.49052993774414066,9.278006286621094,-0.42122406005859375
70259,0.70174072265625,9.874066772460939,2.080074462890625
70323,0.44143203735351566,9.354048156738282,0.49906219482421876
70390,-0.8810678100585938,9.306147766113282,2.92431884765625
70459,-0.42107437133789066,8.918004913330078,1.4588662719726564
70523,3.4778677368164064,10.39767791748047,-1.182840270996094
70590,0.10732681274414063,9.159303131103517,4.114493865966797
70659,-0.09924362182617188,9.213490447998048,3.1940579223632812
70723,-0.05763015747070313,9.535171508789062,3.1195129394531254
70790,-1.478924560546875,8.71742202758789,3.2422576904296876
70859,-1.8238073730468751,9.208999786376953,4.091441802978516
70923,1.0690768432617188,10.07105712890625,2.577939147949219
70990,-0.23920257568359377,9.026529235839844,3.4480796813964845
71059,0.28994705200195314,9.404343566894532,2.8851004028320313
71123,-0.06915618896484375,9.303752746582031,3.3190480041503907
71190,-0.23725662231445313,9.342971191406251,2.9758117675781253
71259,-0.050295410156250005,9.308243408203126,3.6811450195312503
71323,-0.47196853637695313,9.267378387451172,3.5690281677246096
71390,0.3126997375488281,9.787846069335938,1.7800982666015626
